Benchmark name,Attractor colors,Unknown functions,Arity range,One-step (ms),Permanent (ms),Temporary (ms),Old one-step (ms),One-step old parallel (ms)
group_1_1,16,4,1-1,19,47,26,94283,36111
group_1_10,1,1,0-0,10,31,13,74083,28735
group_1_11,2,1,1-1,9,31,13,69085,29443
group_1_12,19,1,3-3,29,97,164,167776,37499
group_1_13,5,1,2-2,7,26,13,175736,31321
group_1_14,14,1,3-3,38,66,51,298611,59005
group_1_15,5,1,2-2,8,22,16,218378,40380
group_1_16,5,1,2-2,12,40,17,87135,28595
group_1_17,2,1,1-1,5,19,12,154410,30628
group_1_18,8,3,1-1,14,39,20,88724,29706
group_1_19,25,2,2-2,9,36,17,529068,43598
group_1_2,8,3,1-1,7,21,16,182903,35652
group_1_20,16,4,1-1,8,20,16,197827,36651
group_1_3,2,1,1-1,9,32,13,75649,29744
group_1_4,5,1,2-2,14,44,20,83653,29413
group_1_5,19,2,0-3,31,71,40,164463,31285
group_1_6,19,2,0-3,37,99,170,177691,40508
group_1_7,2,1,1-1,5,19,11,153128,29847
group_1_8,10,2,1-2,9,31,19,198301,33934
group_1_9,5,1,2-2,20,50,26,111255,44081
group_2_1,190,3,1-3,9,27,17,415627,38241
group_2_10,76,3,1-3,9,24,17,391279,36279
group_2_11,100,4,1-2,33,70,43,153430,49161
group_2_12,95,2,2-3,10,34,18,378360,42103
group_2_13,95,2,2-3,44,104,55,183739,33807
group_2_14,380,5,0-3,61,115,76,219386,44136
group_2_15,190,3,1-3,12,29,24,504670,57782
group_2_16,95,2,2-3,32,126,293,854873,63640
group_2_17,95,2,2-3,19,103,161,348806,52388
group_2_18,50,3,1-2,29,67,38,128877,38452
group_2_19,76,3,1-3,43,117,197,192357,46595
group_2_2,70,2,2-3,47,84,65,349495,60488
group_2_20,835,2,2-4,151,298,195,682279,65422
group_2_3,95,2,2-3,64,149,286,271504,64056
group_2_4,840,2,2-5,82,141,234,x,177496
group_2_5,95,2,2-3,48,132,266,204183,42673
group_2_6,95,2,2-3,21,52,45,789044,63922
group_2_7,835,2,2-4,76,748,1945,997553,102316
group_2_8,350,3,2-3,65,125,89,578599,86899
group_2_9,840,2,2-5,80,158,192,x,151463
group_3_1,6346,3,1-4,63,141,83,1484646,82390
group_3_10,9500,7,0-3,74,142,92,360312,68166
group_3_11,23380,4,1-4,621,1010,686,2217954,183037
group_3_12,3610,4,1-3,44,220,467,578774,59111
group_3_13,1670,3,1-4,90,910,3118,1253910,129371
group_3_14,7220,6,0-3,164,339,590,417518,62839
group_3_15,3800,6,1-3,67,135,83,251986,43696
group_3_16,3610,4,1-3,114,208,132,316212,48642
group_3_17,9500,7,0-3,32,73,56,703844,59355
group_3_18,3173,2,3-4,112,910,4797,1597004,140697
group_3_19,1670,3,1-4,46,121,62,2831676,104422
group_3_2,4750,5,1-3,101,229,540,386286,70135
group_3_20,31730,4,1-4,118,1146,10101,1869271,161279
group_3_3,1670,3,1-4,188,354,231,967030,118838
group_3_4,3173,2,3-4,203,491,222,737371,75607
group_3_5,1680,3,1-5,207,464,462,x,302174
group_3_6,6346,3,1-4,481,1061,1444,791542,103353
group_3_7,31920,4,1-5,226,390,396,x,197046
group_3_8,1805,4,0-3,128,371,1206,444608,77930
group_3_9,4676,3,1-4,198,356,286,1878239,161463
group_4_1,301435,4,2-4,84,179,116,1992861,133853
group_4_10,301435,4,2-4,179,2304,26365,x,270443
group_4_11,158650,5,1-4,915,1813,2697,989797,116519
group_4_12,158650,5,1-4,431,849,457,922795,87345
group_4_13,37900,2,2-5,4263,5404,4950,x,x
group_4_14,288040,3,1-5,2735,3577,3128,x,x
group_4_15,46760,5,1-4,527,921,755,2557629,217632
group_4_16,144020,2,3-5,2721,3561,3099,x,x
group_4_17,317300,7,0-4,441,762,551,995998,105457
group_4_18,317300,7,0-4,706,1478,2294,976967,111690
group_4_19,60648,3,3-5,219,366,485,x,152057
group_4_2,121296,4,1-5,173,521,2301,x,195687
group_4_20,399000,5,2-5,417,803,1057,x,517490
group_4_3,158650,5,1-4,124,1304,12411,1931313,159292
group_4_4,36100,6,1-3,70,171,181,1700481,99180
group_4_5,88844,4,1-4,784,1706,2059,x,182762
group_4_6,63840,5,1-5,137,231,277,x,226477
group_4_7,34295,5,0-3,173,540,1733,468028,69287
group_4_8,288040,3,1-5,2625,3529,3010,x,x
group_4_9,63460,5,1-4,81,176,102,3476024,134425
group_5_1,26494550,6,1-4,427,10932,460672,x,338564
group_5_10,1805000,9,1-3,46,129,70,2207849,102580
group_5_11,1516200,5,2-5,833,2062,28044,x,485549
group_5_12,9218496,7,1-5,202,499,9726,x,274123
group_5_13,26653200,7,0-5,269,517,504,x,381204
group_5_14,1805000,9,1-3,300,759,3070,520286,73619
group_5_15,3032400,6,1-5,204,372,392,x,176210
group_5_16,1205740,6,1-4,446,890,477,959335,85752
group_5_17,8884400,9,0-4,522,849,636,x,200571
group_5_18,5577800,8,0-4,706,1275,808,1621120,141600
group_5_19,30143500,9,0-4,395,662,503,x,273736
group_5_2,10612000,6,1-5,9943,12057,12889,x,x
group_5_20,1440200,5,0-5,6970,8871,9067,x,x
group_5_3,2880400,5,1-5,3665,5430,8866,x,x
group_5_4,1371800,8,1-3,53,100,86,1224074,98402
group_5_5,8478256,7,1-4,298,7903,160147,x,247517
group_5_6,6028700,8,0-4,515,860,630,1116703,110867
group_5_7,6064800,8,0-5,277,486,505,x,225488
group_5_8,13265000,5,2-5,6363,7813,9146,x,x
group_5_9,5472760,4,1-5,5191,17968,33181,x,x
group_6_1,55778000,10,0-4,2316,14652,451111,x,329130
group_6_10,370923700,7,1-4,1096,1878,1236,x,311487
group_6_11,50407000,5,2-5,7691,9621,10867,x,x
group_6_12,66236375,6,2-4,1983,16951,475634,x,391690
group_6_13,55778000,10,0-4,1046,1796,1167,x,141089
group_6_14,415929760,7,1-5,4418,12821,28896,x,x
group_6_15,576156000,9,1-5,921,1694,1933,x,807458
group_6_16,547276000,8,1-5,11149,31577,737192,x,x
group_6_17,253205400,6,2-5,9094,29521,x,x,x
group_6_18,503396450,7,1-4,3282,25922,999431,x,372179
group_6_19,40325600,7,0-5,11010,16090,36477,x,x
group_6_2,547276000,8,1-5,9606,15104,30216,x,x
group_6_20,273638000,8,0-5,5306,11634,29032,x,x
group_6_3,48805750,6,2-4,1013,1863,1144,4182837,338561
group_6_4,53306400,8,0-5,784,4344,245824,x,493244
group_6_5,383093200,6,1-5,13201,41534,500995,x,x
group_6_6,384872208,6,1-5,420,791,779,x,270158
group_6_7,402717160,8,1-4,10951,79514,x,28130486,1121361
group_6_8,201628000,7,1-5,4268,7228,17109,x,x
group_6_9,229090600,10,0-4,179,458,246,4837328,204324